<?xml version="1.0" encoding="UTF-8"?>
<project-private xmlns="http://www.netbeans.org/ns/project-private/1">
    <editor-bookmarks xmlns="http://www.netbeans.org/ns/editor-bookmarks/2" lastBookmarkId="0"/>
    <open-files xmlns="http://www.netbeans.org/ns/projectui-open-files/2">
        <group>
            <file>file:/E:/loginform/13teenbit/src/pkg13teenbit/logogif4.gif</file>
            <file>file:/E:/loginform/13teenbit/src/pkg13teenbit/Main.java</file>
            <file>file:/E:/loginform/13teenbit/src/pkg13teenbit/login.java</file>
        </group>
    </open-files>
</project-private>
